{
    "code": 200,
    "success": true,
    "data": [
        {
            "id": "1275750401756467201",
            "createTime": "2020-06-24 19:19:32",
            "modifyTime": "2020-06-24 19:19:32",
            "version": 1,
            "deleted": false,
            "creatorId": 1005,
            "creatorUsername": "nolan66",
            "modifierId": 1005,
            "modifierUsername": "nolan66",
            "name": "工商银行",
            "bankCode": "ICBC",
            "headBankCode": "1213123123",
            "remark": "123123123"
        },
        {
            "id": "1277081610730172418",
            "createTime": "2020-06-28 11:29:17",
            "modifyTime": "2020-06-28 11:29:17",
            "version": 1,
            "deleted": false,
            "creatorId": 1004,
            "creatorUsername": "ruffy66",
            "modifierId": 1004,
            "modifierUsername": "ruffy66",
            "name": "招商银行",
            "bankCode": "1234",
            "headBankCode": "56566",
            "remark": ""
        },
        {
            "id": "1285829671618879489",
            "createTime": "2020-07-22 14:50:57",
            "modifyTime": "2020-07-22 14:50:57",
            "version": 1,
            "deleted": false,
            "creatorId": 1003,
            "creatorUsername": "azi66",
            "modifierId": 1003,
            "modifierUsername": "azi66",
            "name": "广发银行",
            "bankCode": "111",
            "headBankCode": "111",
            "remark": "111"
        },
        {
            "id": "1285829847033073666",
            "createTime": "2020-07-22 14:51:39",
            "modifyTime": "2020-07-22 14:51:39",
            "version": 1,
            "deleted": false,
            "creatorId": 1003,
            "creatorUsername": "azi66",
            "modifierId": 1003,
            "modifierUsername": "azi66",
            "name": "农村信用社",
            "bankCode": "11",
            "headBankCode": "111",
            "remark": "111"
        },
        {
            "id": "1285829983347941377",
            "createTime": "2020-07-22 14:52:12",
            "modifyTime": "2020-07-22 14:52:12",
            "version": 1,
            "deleted": false,
            "creatorId": 1003,
            "creatorUsername": "azi66",
            "modifierId": 1003,
            "modifierUsername": "azi66",
            "name": "光大银行",
            "bankCode": "11111",
            "headBankCode": "11111",
            "remark": "1111"
        },
        {
            "id": "1285830044496699393",
            "createTime": "2020-07-22 14:52:26",
            "modifyTime": "2020-07-22 14:52:26",
            "version": 1,
            "deleted": false,
            "creatorId": 1003,
            "creatorUsername": "azi66",
            "modifierId": 1003,
            "modifierUsername": "azi66",
            "name": "花旗银行",
            "bankCode": "222",
            "headBankCode": "111222",
            "remark": "111212"
        },
        {
            "id": "1285830461599272961",
            "createTime": "2020-07-22 14:54:06",
            "modifyTime": "2020-07-22 14:54:06",
            "version": 1,
            "deleted": false,
            "creatorId": 1003,
            "creatorUsername": "azi66",
            "modifierId": 1003,
            "modifierUsername": "azi66",
            "name": "民生银行",
            "bankCode": "3222",
            "headBankCode": "21212",
            "remark": "31321"
        },
        {
            "id": "1285830521066115073",
            "createTime": "2020-07-22 14:54:20",
            "modifyTime": "2020-07-22 14:54:20",
            "version": 1,
            "deleted": false,
            "creatorId": 1003,
            "creatorUsername": "azi66",
            "modifierId": 1003,
            "modifierUsername": "azi66",
            "name": "农业银行",
            "bankCode": "423213",
            "headBankCode": "32131",
            "remark": "31231231"
        },
        {
            "id": "1285830635088257025",
            "createTime": "2020-07-22 14:54:47",
            "modifyTime": "2020-07-22 14:54:47",
            "version": 1,
            "deleted": false,
            "creatorId": 1003,
            "creatorUsername": "azi66",
            "modifierId": 1003,
            "modifierUsername": "azi66",
            "name": "华夏银行",
            "bankCode": "232321",
            "headBankCode": "1222",
            "remark": "华夏银行"
        },
        {
            "id": "1285834661448130561",
            "createTime": "2020-07-22 15:10:47",
            "modifyTime": "2020-07-22 15:10:47",
            "version": 1,
            "deleted": false,
            "creatorId": 1003,
            "creatorUsername": "azi66",
            "modifierId": 1003,
            "modifierUsername": "azi66",
            "name": "平安银行",
            "bankCode": "22232",
            "headBankCode": "32233",
            "remark": "232"
        },
        {
            "id": "1285834854709075970",
            "createTime": "2020-07-22 15:11:33",
            "modifyTime": "2020-07-22 15:11:33",
            "version": 1,
            "deleted": false,
            "creatorId": 1003,
            "creatorUsername": "azi66",
            "modifierId": 1003,
            "modifierUsername": "azi66",
            "name": "建设银行",
            "bankCode": "23433434",
            "headBankCode": "343",
            "remark": "32423423"
        },
        {
            "id": "1285834994228404225",
            "createTime": "2020-07-22 15:12:06",
            "modifyTime": "2020-07-22 15:12:06",
            "version": 1,
            "deleted": false,
            "creatorId": 1003,
            "creatorUsername": "azi66",
            "modifierId": 1003,
            "modifierUsername": "azi66",
            "name": "交通银行",
            "bankCode": "143231212",
            "headBankCode": "1221313214",
            "remark": "交通银行"
        },
        {
            "id": "1303177011854815233",
            "createTime": "2020-09-08 11:43:06",
            "modifyTime": "2020-09-08 11:43:06",
            "version": 1,
            "deleted": false,
            "creatorId": 1003,
            "creatorUsername": "azi66",
            "modifierId": 1003,
            "modifierUsername": "azi66",
            "name": "中信银行",
            "bankCode": "ZXYH",
            "headBankCode": "OZNGH",
            "remark": "QE"
        }
    ],
    "msg": "操作成功"
}
