{
    "code": 200,
    "success": true,
    "data": [
        {
            "status": 1,
            "isSuccess": false,
            "finishAmount": 163,
            "withdrawAmount": 163,
            "payType": "·4.0 滴滴币提款",
            "createTime": "2022-03-15 18:43:01",
            "orderNo": 1503683180186849280,
            "handlingFees": 0,
            "remark": "未查询到订单信息",
            "orderWithdrawInfoVOS": []
        },
        {
            "status": 2,
            "isSuccess": false,
            "finishAmount": 155,
            "withdrawAmount": 155,
            "payType": "·4.0 滴滴币提款",
            "createTime": "2022-03-15 18:36:58",
            "orderNo": 1503681656740139008,
            "handlingFees": 0,
            "remark": "未查询到订单信息",
            "orderWithdrawInfoVOS": []
        },
        {
            "status": 3,
            "isSuccess": true,
            "finishAmount": 1490,
            "withdrawAmount": 1490,
            "payType": "4.0银行卡提款",
            "createTime": "2022-03-15 18:34:06",
            "orderNo": 1503680936297123840,
            "handlingFees": 0,
            "remark": "",
            "orderWithdrawInfoVOS": [
                {
                    "orderNo": "20220313192236024051",
                    "orderAmt": 5548,
                    "payAmt": 0,
                    "orderStatus": 10,
                    "finishTime": "",
                    "msg": ""
                }
            ]
        }
    ],
    "msg": "操作成功"
}
