{
    "code": 200,
    "success": true,
    "data": {
        "orderAmt": 100,
        "virOrderAmt": 12.580000000000,
        "currency": "HKD",
        "virCurrency": "USDT-TRC20",
        "protocol": "TRC20",
        "unitPrice": 7.95,
        "recAcctNo": "TNDakbJyebH6TFxK4xPSqTWHQppJ1i8Evf",
        "orderDepositId": "1517374121548341249",
        "payTypeGroupName": "默认大类",
        "payTypeName": "虚拟币支付",
        "status": "",
        "createTime": "2022-04-22 13:25:56",
        "payUrl": ""
    },
    "msg": "操作成功"
}
